{
  "project_info": {
    "project_number": "560743847743",
    "firebase_url": "https://bs-video-status.firebaseio.com",
    "project_id": "bs-video-status",
    "storage_bucket": "bs-video-status.appspot.com"
  },
  "client": [
    {
      "client_info": {
        "mobilesdk_app_id": "1:560743847743:android:d4347b5fd0bb16e243e58a",
        "android_client_info": {
          "package_name": "uc.benkkstudio.bsvideostatus"
        }
      },
      "oauth_client": [
        {
          "client_id": "560743847743-acvjunuretpulqlkdu4hnsflrh0hscnu.apps.googleusercontent.com",
          "client_type": 1,
          "android_info": {
            "package_name": "uc.benkkstudio.bsvideostatus",
            "certificate_hash": "e334daaf49f059d6ad237f67d12e2af2ff03c8db"
          }
        },
        {
          "client_id": "560743847743-dlukfc6g01pghab78d6r8rgr31gotrbg.apps.googleusercontent.com",
          "client_type": 3
        }
      ],
      "api_key": [
        {
          "current_key": "AIzaSyAl9cnWQPcdD22E5g4ZH7MifwoOsq6SaFI"
        }
      ],
      "services": {
        "appinvite_service": {
          "other_platform_oauth_client": [
            {
              "client_id": "560743847743-dlukfc6g01pghab78d6r8rgr31gotrbg.apps.googleusercontent.com",
              "client_type": 3
            }
          ]
        }
      }
    }
  ],
  "configuration_version": "1"
}